-- -- Lanches
-- INSERT INTO PRODUTO (nome, descricao, preco, TIPO_PRODUTO) VALUES ('Hambúrguer', 'Delicioso hambúrguer artesanal', 10.99, 'LANCHE');
-- INSERT INTO PRODUTO (nome, descricao, preco, TIPO_PRODUTO) VALUES ('Cheeseburguer', 'Hambúrguer com queijo derretido', 12.99, 'LANCHE');
-- INSERT INTO PRODUTO (nome, descricao, preco, TIPO_PRODUTO) VALUES ('X-Bacon', 'Hambúrguer com bacon crocante', 14.99, 'LANCHE');
-- INSERT INTO PRODUTO (nome, descricao, preco, TIPO_PRODUTO) VALUES ('Vegetariano', 'Lanche saudável com ingredientes naturais', 9.99, 'LANCHE');
-- INSERT INTO PRODUTO (nome, descricao, preco, TIPO_PRODUTO) VALUES ('Frango', 'Lanche com suculento frango grelhado', 11.99, 'LANCHE');
INSERT INTO Lanche (nome, descricao, preco) VALUES ('Hambúrguer', 'Delicioso hambúrguer artesanal', 10.99);
INSERT INTO Lanche (nome, descricao, preco) VALUES ('Cheeseburguer', 'Hambúrguer com queijo derretido', 12.99);
INSERT INTO Lanche (nome, descricao, preco) VALUES ('X-Bacon', 'Hambúrguer com bacon crocante', 14.99);
INSERT INTO Lanche (nome, descricao, preco) VALUES ('Vegetariano', 'Lanche saudável com ingredientes naturais', 9.99);
INSERT INTO Lanche (nome, descricao, preco) VALUES ('Frango', 'Lanche com suculento frango grelhado', 11.99);

-- -- Acompanhamentos
-- INSERT INTO PRODUTO (nome, descricao, preco, TIPO_PRODUTO) VALUES ('Batata Frita', 'Porção de batatas fritas crocantes', 5.99, 'ACOMPANHAMENTO');
-- INSERT INTO PRODUTO (nome, descricao, preco, TIPO_PRODUTO) VALUES ('Onion Rings', 'Deliciosos anéis de cebola empanados', 6.99, 'ACOMPANHAMENTO');
-- INSERT INTO PRODUTO (nome, descricao, preco, TIPO_PRODUTO) VALUES ('Nuggets', 'Pedacinhos de frango empanados', 7.99, 'ACOMPANHAMENTO');
-- INSERT INTO PRODUTO (nome, descricao, preco, TIPO_PRODUTO) VALUES ('Salada Caesar', 'Salada fresca com molho Caesar', 8.99, 'ACOMPANHAMENTO');
-- INSERT INTO PRODUTO (nome, descricao, preco, TIPO_PRODUTO) VALUES ('Mandioca Frita', 'Porção de mandioca frita crocante', 4.99, 'ACOMPANHAMENTO');
INSERT INTO Acompanhamento (nome, descricao, preco) VALUES ('Batata Frita', 'Porção de batatas fritas crocantes', 5.99);
INSERT INTO Acompanhamento (nome, descricao, preco) VALUES ('Onion Rings', 'Deliciosos anéis de cebola empanados', 6.99);
INSERT INTO Acompanhamento (nome, descricao, preco) VALUES ('Nuggets', 'Pedacinhos de frango empanados', 7.99);
INSERT INTO Acompanhamento (nome, descricao, preco) VALUES ('Salada Caesar', 'Salada fresca com molho Caesar', 8.99);
INSERT INTO Acompanhamento (nome, descricao, preco) VALUES ('Mandioca Frita', 'Porção de mandioca frita crocante', 4.99);

-- -- Bebidas
-- INSERT INTO PRODUTO (nome, descricao, preco, TIPO_PRODUTO) VALUES ('Refrigerante', 'Bebida gaseificada sabor cola', 4.99, 'BEBIDA');
-- INSERT INTO PRODUTO (nome, descricao, preco, TIPO_PRODUTO) VALUES ('Suco Natural', 'Suco de frutas frescas', 5.99, 'BEBIDA');
-- INSERT INTO PRODUTO (nome, descricao, preco, TIPO_PRODUTO) VALUES ('Água Mineral', 'Água sem gás', 2.99, 'BEBIDA');
-- INSERT INTO PRODUTO (nome, descricao, preco, TIPO_PRODUTO) VALUES ('Chá Gelado', 'Chá gelado sabor limão', 3.99, 'BEBIDA');
-- INSERT INTO PRODUTO (nome, descricao, preco, TIPO_PRODUTO) VALUES ('Café', 'Café fresco e quente', 2.99, 'BEBIDA');
INSERT INTO Bebida (nome, descricao, preco) VALUES ('Refrigerante', 'Bebida gaseificada sabor cola', 4.99);
INSERT INTO Bebida (nome, descricao, preco) VALUES ('Suco Natural', 'Suco de frutas frescas', 5.99);
INSERT INTO Bebida (nome, descricao, preco) VALUES ('Água Mineral', 'Água sem gás', 2.99);
INSERT INTO Bebida (nome, descricao, preco) VALUES ('Chá Gelado', 'Chá gelado sabor limão', 3.99);
INSERT INTO Bebida (nome, descricao, preco) VALUES ('Café', 'Café fresco e quente', 2.99);

-- -- Sobremesas
-- INSERT INTO PRODUTO (nome, descricao, preco, TIPO_PRODUTO) VALUES ('Bolo de Chocolate', 'Delicioso bolo de chocolate', 7.99, 'SOBREMESA');
-- INSERT INTO PRODUTO (nome, descricao, preco, TIPO_PRODUTO) VALUES ('Pudim de Leite', 'Clássico pudim de leite condensado', 6.99, 'SOBREMESA');
-- INSERT INTO PRODUTO (nome, descricao, preco, TIPO_PRODUTO) VALUES ('Sorvete de Morango', 'Sorvete cremoso sabor morango', 5.99, 'SOBREMESA');
-- INSERT INTO PRODUTO (nome, descricao, preco, TIPO_PRODUTO) VALUES ('Mousse de Maracujá', 'Mousse refrescante de maracujá', 4.99, 'SOBREMESA');
-- INSERT INTO PRODUTO (nome, descricao, preco, TIPO_PRODUTO) VALUES ('Torta de Limão', 'Torta doce com recheio de limão', 6.99, 'SOBREMESA');
INSERT INTO Sobremesa (nome, descricao, preco) VALUES ('Bolo de Chocolate', 'Delicioso bolo de chocolate', 7.99);
INSERT INTO Sobremesa (nome, descricao, preco) VALUES ('Pudim de Leite', 'Clássico pudim de leite condensado', 6.99);
INSERT INTO Sobremesa (nome, descricao, preco) VALUES ('Sorvete de Morango', 'Sorvete cremoso sabor morango', 5.99);
INSERT INTO Sobremesa (nome, descricao, preco) VALUES ('Mousse de Maracujá', 'Mousse refrescante de maracujá', 4.99);
INSERT INTO Sobremesa (nome, descricao, preco) VALUES ('Torta de Limão', 'Torta doce com recheio de limão', 6.99);

